<?xml version="1.0" encoding="utf-8" ?>
		<hibernate-mapping xmlns="urn:nhibernate-mapping-2.2"
		                   assembly="P1GenNHibernate"
		                   namespace="P1GenNHibernate.EN.Práctica1">
		    
		    
			
				<class name="LineaPedidoEN" table="LineaPedido"> 
				  	
						<id name="Id" column="idLineaPedido" type="integer"> 
							<generator class="identity"/>
						</id>
			
					
					<property name="Cantidad" type="integer"> 
						<column name="cantidad"  not-null="true"/>
					</property>
					<property name="Numero" type="integer"> 
						<column name="numero"  not-null="true"/>
					</property>
			
			
			
			
			
		  			
						<many-to-one name="Pedido" class="P1GenNHibernate.EN.Práctica1.PedidoEN" >	
								<column name="FK_PedidoIdPedido_idPedido"/> 
						</many-to-one>
											 					
			
		  			
						<many-to-one name="Producto" class="P1GenNHibernate.EN.Práctica1.ProductoEN" >	
								<column name="FK_ProductioIdProducto_idProducto"/> 
						</many-to-one>
											 					
					
					
					
					
					
		
		 </class>	
		  
		  <query name="LineaPedidoENReadAllHQL">from LineaPedidoEN</query>
		</hibernate-mapping>
	