<?xml version="1.0" encoding="utf-8" ?>
		<hibernate-mapping xmlns="urn:nhibernate-mapping-2.2"
		                   assembly="P1GenNHibernate"
		                   namespace="P1GenNHibernate.EN.Práctica1">
		    
		    
			
				<class name="ProductoEN" table="Producto"> 
						<id name="ProductioId" column="ProductioIdProducto"/> 
			
					
					<property name="Nombre" type="string"> 
						<column name="nombre"  not-null="true"/>
					</property>
					<property name="Descripcion" type="string"> 
						<column name="descripcion"  not-null="true"/>
					</property>
					<property name="UrlFoto" type="string"> 
						<column name="urlFoto"  not-null="true"/>
					</property>
					<property name="Precio" type="float"> 
						<column name="precio"  not-null="true"/>
					</property>
					<property name="Stock" type="integer"> 
						<column name="stock"  not-null="true"/>
					</property>
			
			
			
			
			
			
			
			
		  			
						<bag name="LineaPedido" >
							<key>
							
								
								<column name="FK_ProductioIdProducto_idProducto"/>
					      	</key>
							<one-to-many class="P1GenNHibernate.EN.Práctica1.LineaPedidoEN"/>
					    </bag>
					
			
		  			
						<many-to-one name="Categoria" class="P1GenNHibernate.EN.Práctica1.CategoriaEN" >	
								<column name="FK_categoriaIdCategoria_idCategoria"/> 
						</many-to-one>
											 					
					
					
					
					
					
					
					
					
		
		 </class>	
		  
		  <query name="ProductoENReadAllHQL">from ProductoEN</query>
		</hibernate-mapping>
	