<?xml version="1.0" encoding="utf-8" ?>
		<hibernate-mapping xmlns="urn:nhibernate-mapping-2.2"
		                   assembly="PruebaTextualGenNHibernate"
		                   namespace="PruebaTextualGenNHibernate.EN.Default_">
		    
		    
			
				<class name="CategoryEN" table="Category"> 
				  	
						<id name="CategoryId" column="categoryId" type="integer"> 
							<generator class="identity"/>
						</id>
			
					
					<property name="Name" type="string"> 
						<column name="name"  not-null="true"/>
					</property>
					<property name="Descipcion" type="string"> 
						<column name="descipcion"  not-null="true"/>
					</property>
			
			
		  			
						<bag name="Product" >
							<key>
							
								
								<column name="FK_categoryId_category"/>
					      	</key>
							<one-to-many class="PruebaTextualGenNHibernate.EN.Default_.ProductEN"/>
					    </bag>
					
			
			
			
					
					
					
					
		
		 </class>	
		  
		  <query name="CategoryENReadAllHQL">from CategoryEN</query>
		</hibernate-mapping>
	