<?xml version="1.0" encoding="utf-8" ?>
		<hibernate-mapping xmlns="urn:nhibernate-mapping-2.2"
		                   assembly="PruebaTextualGenNHibernate"
		                   namespace="PruebaTextualGenNHibernate.EN.Default_">
		    
		    
			
				<class name="ProductEN" table="Product"> 
				  	
						<id name="ProductId" column="productId" type="integer"> 
							<generator class="identity"/>
						</id>
			
					
					<property name="Name" type="string"> 
						<column name="name"  not-null="true"/>
					</property>
					<property name="Descripcion" type="string"> 
						<column name="descripcion"  not-null="true"/>
					</property>
					<property name="PhotoURL" type="string"> 
						<column name="photoURL"  not-null="true"/>
					</property>
					<property name="Price" type="float"> 
						<column name="price"  not-null="true"/>
					</property>
					<property name="Stock" type="integer"> 
						<column name="stock"  not-null="true"/>
					</property>
			
			
		  			
						<bag name="OrderLine" >
							<key>
							
								
								<column name="FK_productId_product"/>
					      	</key>
							<one-to-many class="PruebaTextualGenNHibernate.EN.Default_.OrderLineEN"/>
					    </bag>
					
			
		  			
						<many-to-one name="Category" class="PruebaTextualGenNHibernate.EN.Default_.CategoryEN" >	
								<column name="FK_categoryId_category"/> 
						</many-to-one>
											 					
			
			
			
			
			
			
					
					
					
					
					
					
					
					
		
		 </class>	
		  
		  <query name="ProductENReadAllHQL">from ProductEN</query>
		</hibernate-mapping>
	