<?xml version="1.0" encoding="utf-8" ?>
		<hibernate-mapping xmlns="urn:nhibernate-mapping-2.2"
		                   assembly="master8GenNHibernate"
		                   namespace="master8GenNHibernate.EN.Petstore3" default-lazy="false">
		    
			<class name="ArticuloEN" table="Articulo">
					
						<id name="Numero" column="NumeroArticulo"/>
					<property name="Nombre" column="Nombre" />
					<property name="Foto" column="Foto" />
					<property name="Precio" column="Precio" />
					<property name="Cantidad" column="Cantidad" />
					<property name="FotoGrande" column="FotoGrande" />
			
			
			
			
			
			
		  			
						<many-to-one name="Categoria" class="master8GenNHibernate.EN.Petstore3.CategoriaEN">
								
									<column name="idCategoria" 
/>
								
						</many-to-one>
											 					
			
		  			
						<bag name="LineaPedido" >
							<key>
									
										<column name="numeroArticulo"/>
									
								
					      	</key>
							<one-to-many class="master8GenNHibernate.EN.Petstore3.LineaPedidoEN"/>
					    </bag>
					
			
		  			
				
					
			
					
			
					
			
					
			
					
			
					
			
					
			
					
		  </class>
		  
		</hibernate-mapping>
	