<?xml version="1.0" encoding="utf-8" ?>
		<hibernate-mapping xmlns="urn:nhibernate-mapping-2.2"
		                   assembly="master8GenNHibernate"
		                   namespace="master8GenNHibernate.EN.Petstore3" default-lazy="false">
		    
			<class name="CategoriaEN" table="Categoria">
					
				  	
						<id name="Id" column="IdCategoria">
							<generator class="identity"/>
						</id>
					<property name="Nombre" column="Nombre" />
					<property name="Descripcion" column="Descripcion" />
					<property name="Foto" column="Foto" />
			
			
			
			
		  			
						<many-to-one name="Categoria" class="master8GenNHibernate.EN.Petstore3.CategoriaEN">
								
									<column name="idcategoriaCategoria" 
/>
								
						</many-to-one>
											 					
			
		  			
						<bag name="SubCategoria" >
							<key>
									
										<column name="idcategoriaCategoria"/>
									
								
					      	</key>
							<one-to-many class="master8GenNHibernate.EN.Petstore3.CategoriaEN"/>
					    </bag>
					
			
		  			
						<bag name="Articulo" >
							<key>
									
										<column name="idCategoria"/>
									
								
					      	</key>
							<one-to-many class="master8GenNHibernate.EN.Petstore3.ArticuloEN"/>
					    </bag>
					
			
		  			
				
					
			
					
			
					
			
					
			
					
			
					
			
					
		  </class>
		  
		</hibernate-mapping>
	