<?xml version="1.0" encoding="utf-8" ?>
		<hibernate-mapping xmlns="urn:nhibernate-mapping-2.2"
		                   assembly="master8GenNHibernate"
		                   namespace="master8GenNHibernate.EN.Petstore3" default-lazy="false">
		    
			<class name="ClienteEN" table="Cliente">
					
						<id name="NIF" column="NIFCliente"/>
					<property name="Nombre" column="Nombre" />
					<property name="Apellidos" column="Apellidos" />
					<property name="Direccion" column="Direccion" />
					<property name="Telefono" column="Telefono" />
					<property name="Cp" column="Cp" />
					<property name="Password" column="Password" />
			
			
			
			
			
			
			
		  			
						<bag name="Pedido" >
							<key>
									
										<column name="NIFCliente"/>
									
								
					      	</key>
							<one-to-many class="master8GenNHibernate.EN.Petstore3.PedidoEN"/>
					    </bag>
					
			
		  			
				
					
			
					
			
					
			
					
			
					
			
					
			
					
			
					
		  </class>
		  
		</hibernate-mapping>
	