<?xml version="1.0" encoding="utf-8" ?>
		<hibernate-mapping xmlns="urn:nhibernate-mapping-2.2"
		                   assembly="master8GenNHibernate"
		                   namespace="master8GenNHibernate.EN.Petstore3" default-lazy="false">
		    
			<class name="LineaPedidoEN" table="LineaPedido">
					
						<id name="NumLinea" column="NumLineaLineaPedido"/>
					<property name="Cantidad" column="Cantidad" />
					<property name="Subtotal" column="Subtotal" />
					<property name="Observacion" column="Observacion" />
			
			
		  			
						<many-to-one name="Pedido" class="master8GenNHibernate.EN.Petstore3.PedidoEN">
								
									<column name="idPedido" 
/>
								
						</many-to-one>
											 					
			
		  			
						<many-to-one name="Articulo" class="master8GenNHibernate.EN.Petstore3.ArticuloEN">
								
									<column name="numeroArticulo" 
/>
								
						</many-to-one>
											 					
			
			
			
		  			
				
					
			
					
			
					
			
					
			
					
			
					
		  </class>
		  
		</hibernate-mapping>
	