<?xml version="1.0" encoding="utf-8" ?>
		<hibernate-mapping xmlns="urn:nhibernate-mapping-2.2"
		                   assembly="master8GenNHibernate"
		                   namespace="master8GenNHibernate.EN.Petstore3" default-lazy="false">
		    
			<class name="PedidoEN" table="Pedido">
					
				  	
						<id name="Id" column="IdPedido">
							<generator class="identity"/>
						</id>
					<property name="Descripcion" column="Descripcion" />
					<property name="FechaRealizacion" column="FechaRealizacion" />
					<property name="FechaEnvio" column="FechaEnvio" />
					<property name="Estado" column="Estado" />
			
			
			
			
		  			
						<bag name="LineaPedido" cascade="delete">
							<key>
									
										<column name="idPedido"/>
									
								
					      	</key>
							<one-to-many class="master8GenNHibernate.EN.Petstore3.LineaPedidoEN"/>
					    </bag>
					
			
		  			
						<many-to-one name="Cliente" class="master8GenNHibernate.EN.Petstore3.ClienteEN">
								
									<column name="NIFCliente" 
/>
								
						</many-to-one>
											 					
			
			
		  			
				
					
			
					
			
					
			
					
			
					
			
					
			
					
		  </class>
		  
		</hibernate-mapping>
	